OBSERVE_COST,Rate1,Rate1pct,Rate10pct,Selet_Value_high,Select_Value_low,Select_Value_aver
0.0001,0.48,0.0,0.57,0.9987530141940073,0.014653924337770343,0.782627762868787
0.1001,0.81,0.0,0.97,0.9992047447250897,-0.2059849070558044,0.6763274342561988
0.2001,0.76,0.0,0.98,0.9975041895549378,-0.5565292784804043,0.5592536999767492
0.3001,0.79,0.0,0.96,0.9752024508942273,-0.42385303555843357,0.5185115428427681
0.4001,0.82,0.0,0.97,0.9998135107627544,-0.2773647462130635,0.506358381378406
0.5001,0.87,0.0,0.99,0.9922506818906376,7.928905755538729e-05,0.4763274022765126
0.6001,0.92,0.0,0.99,0.9764696776821463,0.0060219630291732384,0.46267317318090007
